entity_id,traj_id,res
257,3054,"[116.329681,39.990768]"
4122,4131,"[116.406273,39.988441]"
4132,10340,"[116.309349,39.953392]"
4118,20085,"[116.338905,39.932568]"
4129,20224,"[116.410019,39.969032]"
4124,4167,"[116.313683,39.897209]"
4276,12497,"[116.505356,40.003731]"
4417,12880,"[116.391174,39.8899]"
257,12067,"[116.275803,39.956726]"
4400,9885,"[116.342331,39.898018]"
4325,15635,"[116.333107,39.989517]"
4132,13288,"[116.41201,40.022575]"
4397,20794,"[116.21096,39.838661]"
4417,21836,"[116.252838,39.92255]"
254,11003,"[116.406738,39.872002]"
4271,18388,"[116.391754,39.90871]"
4132,4263,"[116.373528,39.924854]"
4276,4460,"[116.374466,39.868271]"
257,14052,"[116.363548,39.889713]"
4397,1772,"[116.310509,39.929909]"
4904,17839,"[116.296425,39.943256]"
4904,19860,"[116.353516,39.961967]"
4132,1319,"[116.404671,39.87191]"
4427,19826,"[116.345848,39.967697]"
4962,5978,"[116.283325,39.913082]"
4278,17506,"[116.328926,39.849049]"
4347,3667,"[116.388359,39.857155]"
4271,340,"[116.274071,39.898113]"
4272,5429,"[116.378326,39.98772]"
4125,153,"[116.458397,39.89352]"
4276,19457,"[116.360252,40.022964]"
4271,14427,"[116.4897,39.951355]"
4398,21786,"[116.273041,39.865505]"
4278,8475,"[116.406433,39.923988]"
4394,14749,"[116.504936,40.003395]"
4325,9637,"[116.396507,39.928802]"
4397,17717,"[116.355469,39.951691]"
4137,20362,"[116.373642,39.899734]"
4118,1104,"[116.345917,39.928135]"
4137,2353,"[116.35585,39.898605]"
4397,7697,"[116.319664,39.971046]"
4134,15309,"[116.450356,39.954025]"
4135,16311,"[116.25444,39.893272]"
4118,11093,"[116.279152,39.897137]"
4137,10396,"[116.348801,39.883526]"
4955,17905,"[116.274475,39.966389]"
4348,11565,"[116.427635,39.908527]"
4956,4958,"[116.320236,39.837631]"
4135,5320,"[116.412849,39.899239]"
4400,13757,"[116.421913,39.8563]"
4955,1980,"[116.348831,39.894444]"
4962,18935,"[116.461945,39.951073]"
4962,5991,"[116.320343,39.835449]"
257,53,"[116.501953,39.931828]"
4124,13171,"[116.353012,39.993843]"
4276,13455,"[116.501884,39.938553]"
4117,15078,"[116.346512,40.023479]"
4118,21091,"[116.348579,39.892422]"
4276,8448,"[116.483528,39.984085]"
4427,1913,"[116.309937,39.922298]"
4417,20900,"[116.281639,39.876755]"
4423,18733,"[116.468918,39.970104]"
4357,16724,"[116.3069,39.985481]"
4417,12889,"[116.302719,39.886726]"
4394,12707,"[116.355896,39.932339]"
4118,10136,"[116.399818,39.866501]"
4427,10886,"[116.329185,39.897209]"
4400,1842,"[116.316666,39.985668]"
4357,12652,"[116.284538,39.834526]"
4118,15096,"[116.453964,39.957314]"
4961,955,"[116.439774,39.95459]"
255,2011,"[116.461594,39.919403]"
4394,18606,"[116.369873,39.987591]"
4271,7374,"[116.480347,39.976917]"
4959,11964,"[116.302094,39.910568]"
4299,15600,"[116.282997,39.85976]"
4131,5283,"[116.321854,39.907391]"
4279,9569,"[116.283035,39.973915]"
4132,16285,"[116.321632,39.966354]"
4424,20915,"[116.324104,39.951321]"
4363,15728,"[116.400238,39.988281]"
4958,11954,"[116.448547,39.908062]"
4135,7311,"[116.395874,39.904114]"
4396,7692,"[116.370499,39.932594]"
4956,17922,"[116.325699,39.930912]"
4133,20301,"[116.291397,39.866089]"
4398,3863,"[116.345963,39.849663]"
4127,6219,"[116.348801,39.883526]"
4955,4931,"[116.461555,39.911434]"
4137,2352,"[116.223015,39.845745]"
4278,1517,"[116.505478,39.860966]"
4398,10758,"[116.348526,39.867416]"
4325,5530,"[116.310165,39.947079]"
4135,13324,"[116.285004,39.946415]"
4122,9200,"[116.505692,40.004108]"
4123,7162,"[116.271751,39.872234]"
4424,18739,"[116.364922,40.007999]"
4396,1735,"[116.37812,39.899937]"
4398,10749,"[116.356056,39.926586]"
257,9046,"[116.411987,39.900593]"
4276,10485,"[116.443695,39.927147]"
4276,2489,"[116.418518,39.898838]"
4278,4481,"[116.446159,39.878063]"
4956,17912,"[116.310181,39.902195]"
4129,4236,"[116.296715,39.94154]"
4123,15156,"[116.425247,39.989079]"
4132,21276,"[116.418678,39.85704]"
4427,15935,"[116.274979,39.961937]"
4122,15140,"[116.337341,39.99638]"
4357,15710,"[116.433945,39.940556]"
4126,9268,"[116.307602,39.966061]"
4397,10724,"[116.353508,39.940582]"
4953,6953,"[116.493713,39.961594]"
4289,19541,"[116.377007,39.931919]"
4125,2176,"[116.250854,39.926537]"
4274,2454,"[116.295044,39.885162]"
4118,11088,"[116.46891,39.904804]"
4136,15360,"[116.254128,39.88958]"
4132,9374,"[116.364372,39.914116]"
4401,16920,"[116.373489,39.863213]"
4424,2844,"[116.310326,39.902039]"
4137,15369,"[116.494537,39.954556]"
4124,21164,"[116.456886,39.952072]"
4124,11172,"[116.398109,39.857071]"
4132,2282,"[116.353333,39.788334]"
4276,11483,"[116.465233,39.908306]"
4427,7863,"[116.382591,39.97694]"
4118,2106,"[116.310265,39.927052]"
4118,19084,"[116.341606,39.889938]"
4400,4760,"[116.374161,39.868477]"
4417,10816,"[116.320313,39.966774]"
257,40,"[116.255821,39.889462]"
4131,21244,"[116.505997,39.819977]"
4269,19359,"[116.438133,39.89983]"
4325,8547,"[116.533592,40.021332]"
256,17030,"[116.474541,39.95343]"
4396,11641,"[116.274284,39.948082]"
4137,20377,"[116.46122,39.878792]"
4325,18520,"[116.356186,39.948864]"
4137,3391,"[116.323479,39.967113]"
4131,1300,"[116.300369,39.982792]"
4272,17429,"[116.373924,39.859123]"
4131,21246,"[116.441071,39.985943]"
4135,20343,"[116.470665,39.97065]"
4348,19576,"[116.354469,39.95808]"
4123,16154,"[116.505722,39.908672]"
4118,5126,"[116.303413,39.907383]"
4276,2494,"[116.247955,39.89687]"
4129,16237,"[116.374184,39.904888]"
4126,8199,"[116.423813,39.90834]"
4276,4458,"[116.356422,39.914829]"
4123,15152,"[116.365448,40.009476]"
4137,1378,"[116.297073,39.932316]"
4170,5373,"[116.356483,39.915642]"
4269,12383,"[116.417389,39.980171]"
4417,4769,"[116.309044,39.906342]"
4394,10626,"[116.360275,39.952366]"
4400,10787,"[116.546494,40.024632]"
4423,5772,"[116.368614,39.987232]"
4137,2356,"[116.300217,39.945789]"
4424,18742,"[116.348,39.862659]"
256,18024,"[116.417877,39.919247]"
258,14072,"[116.361191,39.92374]"
4398,4729,"[116.48455,39.922871]"
4170,21376,"[116.379257,39.867504]"
4953,6941,"[116.442703,39.870804]"
4119,20121,"[116.422874,39.871349]"
4325,12595,"[116.245079,39.947662]"
4953,1958,"[116.444023,39.896652]"
4394,13659,"[116.444862,39.941216]"
4357,522,"[116.356209,39.831547]"
4276,13467,"[116.506805,40.004974]"
4131,14287,"[116.427391,39.871246]"
4123,2137,"[116.513519,39.907768]"
255,10055,"[116.246033,39.896702]"
4398,18649,"[116.4459,39.881439]"
4129,1279,"[116.273865,39.899982]"
4123,11168,"[116.353195,39.973206]"
4127,10253,"[116.543312,39.91634]"
4957,18888,"[116.348946,39.873371]"
4269,20402,"[116.441124,39.832176]"
4135,3343,"[116.504959,39.819805]"
4135,14334,"[116.356087,39.944511]"
4400,21834,"[116.356117,39.948055]"
4904,8933,"[116.32148,39.956871]"
4118,15087,"[116.400185,39.858059]"
4953,21958,"[116.41925,39.898788]"
4271,4389,"[116.239235,39.974625]"
4394,17675,"[116.461037,39.8918]"
4427,14948,"[116.374428,39.995663]"
4135,294,"[116.430962,39.884212]"
4396,10692,"[116.232262,39.92458]"
4170,3414,"[116.420746,39.96946]"
4325,18525,"[116.250885,39.947186]"
4394,10642,"[116.489578,39.952984]"
254,1000,"[116.478165,39.928528]"
257,1060,"[116.364487,40.023045]"
4325,21640,"[116.455856,39.997089]"
4397,10728,"[116.387009,39.857071]"
4959,5941,"[116.37986,39.796734]"
4417,8853,"[116.452148,39.908741]"
4397,2719,"[116.435898,39.969711]"
255,2014,"[116.285622,40.017704]"
4400,11713,"[116.408463,39.94376]"
4136,1363,"[116.396187,39.871799]"
4400,18677,"[116.424263,39.871338]"
4957,17939,"[116.42524,39.959572]"
4132,3313,"[116.348839,39.898815]"
4129,20234,"[116.431229,39.884056]"
4954,21997,"[116.389587,39.951466]"
4417,3913,"[116.320839,39.867825]"
4427,17824,"[116.412651,39.909393]"
4132,18281,"[116.358795,39.923782]"
4126,11205,"[116.434479,39.939774]"
257,5056,"[116.39463,39.967125]"
4423,15892,"[116.325752,39.937954]"
4956,11894,"[116.489937,39.915886]"
4276,10473,"[116.470062,39.981491]"
4400,12851,"[116.39579,39.90596]"
4400,4748,"[116.378784,39.986492]"
4347,458,"[116.310318,39.916531]"
4123,14178,"[116.353043,39.921921]"
4278,9556,"[116.417419,39.949322]"
4272,358,"[116.428017,39.908516]"
4363,557,"[116.261147,39.907478]"
4953,13926,"[116.352615,39.851498]"
4278,20546,"[116.502747,39.89529]"
4955,7970,"[116.428711,39.989166]"
4123,117,"[116.51516,40.012676]"
4427,21926,"[116.501968,39.908092]"
4397,14806,"[116.347229,39.855728]"
4325,14599,"[116.425903,39.905045]"
4427,13893,"[116.244453,39.926758]"
4272,16438,"[116.420258,39.949226]"
4325,16633,"[116.395027,39.960136]"
4278,10526,"[116.376251,39.871117]"
255,8004,"[116.425224,39.96954]"
4134,15317,"[116.345108,39.9128]"
4424,13828,"[116.286591,39.865143]"
4135,2327,"[116.440308,39.884415]"
4122,12158,"[116.438774,40.004436]"
4276,20518,"[116.429237,39.858521]"
4137,18344,"[116.334877,39.962402]"
4127,5232,"[116.461479,39.922955]"
4274,7421,"[116.49382,39.870941]"
4348,15674,"[116.468628,39.948898]"
4959,5946,"[116.351364,39.943935]"
4131,14288,"[116.344528,39.938496]"
4394,12686,"[116.392365,39.968571]"
4127,8210,"[116.375031,39.889561]"
254,3009,"[116.406174,39.933502]"
4135,21334,"[116.460716,39.953518]"
4276,11486,"[116.310417,39.898224]"
4123,18180,"[116.286217,39.837719]"
4325,15639,"[116.356171,39.923023]"
4956,18863,"[116.400467,39.898438]"
4962,5988,"[116.373108,39.930935]"
256,2044,"[116.336052,39.897495]"
4958,7999,"[116.312866,39.864616]"
4271,17412,"[116.275085,39.949196]"
4137,18360,"[116.444397,39.943901]"
4270,8347,"[116.300293,39.880108]"
4126,2190,"[116.335678,39.93824]"
4127,12232,"[116.294937,39.878944]"
4289,17563,"[116.407936,39.959286]"
257,6042,"[116.290321,39.998676]"
4394,16753,"[116.515099,39.86042]"
4427,21934,"[116.371353,39.8559]"
4357,1651,"[116.477417,39.892006]"
4397,20797,"[116.419029,39.949356]"
4278,404,"[116.45369,39.862156]"
4278,10518,"[116.451141,39.908543]"
4119,1120,"[116.478333,39.987843]"
4357,8640,"[116.527824,39.90963]"
4953,6949,"[116.453331,39.958649]"
257,19043,"[116.436333,39.96912]"
4132,5299,"[116.356621,39.90686]"
257,20035,"[116.275093,39.883636]"
4271,5410,"[116.288773,40.004543]"
4276,12500,"[116.423683,39.949528]"
4348,7574,"[116.461464,39.896469]"
4423,12903,"[116.465477,39.967892]"
4278,10516,"[116.359673,40.01577]"
4957,19963,"[116.395279,39.837936]"
4904,13900,"[116.275597,39.957294]"
4278,15549,"[116.318787,39.966225]"
4274,17456,"[116.45787,39.923302]"
4269,21389,"[116.346756,39.918434]"
4125,10222,"[116.264671,39.92625]"
4127,166,"[116.275879,39.88105]"
4962,5997,"[116.269806,39.896957]"
4276,11485,"[116.379028,39.948711]"
4957,19969,"[116.274902,39.930504]"
4117,5104,"[116.394653,39.923248]"
4397,1753,"[116.381409,40.014835]"
4123,18175,"[116.305214,39.892887]"
4348,21672,"[116.462883,39.965527]"
4129,12258,"[116.353783,39.976871]"
4127,18233,"[116.351845,39.827465]"
4129,9323,"[116.381233,39.987701]"
4400,14849,"[116.407616,39.993614]"
4399,12828,"[116.320389,39.888981]"
4137,20382,"[116.31031,39.903355]"
4123,5185,"[116.289421,39.947109]"
4395,6716,"[116.386963,39.90723]"
4131,20260,"[116.312698,39.906967]"
258,12080,"[116.395088,39.951527]"
4133,19276,"[116.222672,39.848286]"
4325,12600,"[116.424515,39.907593]"
4357,19617,"[116.334518,39.914684]"
4954,21983,"[116.432121,39.958416]"
4417,14899,"[116.42524,39.952335]"
4278,16523,"[116.517235,39.923199]"
4424,4820,"[116.283951,39.90023]"
4357,12666,"[116.363022,39.967678]"
4417,14890,"[116.453987,39.948212]"
4117,21084,"[116.283165,40.020576]"
4132,9388,"[116.442947,39.908577]"
4955,19911,"[116.293221,39.865917]"
4274,18444,"[116.395149,39.955559]"
4357,7619,"[116.354218,39.974823]"
4132,17302,"[116.352928,40.000305]"
4274,1481,"[116.42115,39.902111]"
4170,1389,"[116.47876,39.979801]"
4289,20609,"[116.322548,39.830746]"
4956,17909,"[116.448723,39.964622]"
4953,20994,"[116.491051,39.990875]"
4955,4933,"[116.30024,39.858017]"
4394,5626,"[116.509254,40.007355]"
4280,20583,"[116.352623,39.967926]"
4954,21980,"[116.307655,39.965538]"
4137,11371,"[116.37606,39.909054]"
4271,14422,"[116.31218,39.869492]"
4272,5423,"[116.368568,39.932343]"
4955,6980,"[116.307228,39.882946]"
4119,14122,"[116.420425,40.022221]"
4357,18574,"[116.33255,39.967266]"
4417,11722,"[116.307289,39.912937]"
4276,18454,"[116.304092,39.971828]"
4955,6972,"[116.512718,40.010517]"
257,18073,"[116.385933,39.968174]"
4137,6371,"[116.515167,39.981773]"
4125,17186,"[116.375977,39.84412]"
4956,19956,"[116.395546,39.797863]"
4424,18750,"[116.480598,39.981426]"
255,7009,"[116.398811,39.872536]"
4117,15083,"[116.380157,39.924244]"
4118,17091,"[116.348801,39.896957]"
4124,13178,"[116.260986,39.924374]"
258,11064,"[116.483276,39.983604]"
4398,6776,"[116.297783,39.946529]"
4325,6570,"[116.347046,39.901573]"
4398,18660,"[116.386406,39.948746]"
4274,3500,"[116.355652,39.951614]"
4131,18259,"[116.283371,39.849678]"
4118,3093,"[116.439041,39.89946]"
4396,630,"[116.478416,39.971294]"
4129,7214,"[116.39537,39.886387]"
4398,1792,"[116.37265,39.941055]"
4276,5486,"[116.274651,39.914501]"
4417,21844,"[116.330978,39.992855]"
4954,11861,"[116.476723,39.973606]"
4125,11190,"[116.34478,39.819542]"
4299,16616,"[116.472092,40.014996]"
4348,11561,"[116.213387,39.82526]"
4129,1271,"[116.532494,40.021034]"
4127,18229,"[116.355217,39.939835]"
4904,6938,"[116.452728,40.006203]"
4131,8245,"[116.444382,39.873386]"
4395,12728,"[116.250198,39.862701]"
4399,2761,"[116.374268,39.856773]"
4271,14424,"[116.302406,39.913143]"
4278,2539,"[116.422081,39.83223]"
4137,18352,"[116.398621,39.886818]"
4134,17317,"[116.493263,39.907402]"
4132,13296,"[116.232239,39.849556]"
4417,21841,"[116.333748,39.967625]"
255,4017,"[116.369934,39.948299]"
4129,5251,"[116.278313,39.971714]"
4127,18225,"[116.43486,39.918255]"
4400,10789,"[116.371407,39.95359]"
4124,18188,"[116.492012,39.81517]"
4118,10145,"[116.315987,39.867542]"
4137,4331,"[116.384262,39.899494]"
4347,8580,"[116.502876,40.001465]"
4348,18538,"[116.223373,39.990536]"
4399,10775,"[116.532089,39.941471]"
4396,21749,"[116.421425,39.868874]"
4954,21981,"[116.358559,39.923756]"
4394,21736,"[116.433708,39.943253]"
4399,20830,"[116.364708,39.87043]"
4279,4507,"[116.500427,39.97192]"
4269,9439,"[116.24614,39.86108]"
4278,17522,"[116.353516,39.961578]"
4131,2257,"[116.307343,39.966961]"
4956,19957,"[116.408073,39.954121]"
4269,20412,"[116.433495,39.908615]"
4400,6807,"[116.413071,39.857086]"
4278,13481,"[116.533058,40.021309]"
4269,4363,"[116.422638,39.989132]"
4962,18953,"[116.439667,39.870987]"
4278,11515,"[116.501854,39.915939]"
4274,4431,"[116.431755,39.98909]"
4125,3191,"[116.41275,39.949139]"
4398,4728,"[116.3731,39.997944]"
4278,14551,"[116.35302,39.992893]"
257,13051,"[116.310036,39.915035]"
4135,12338,"[116.354294,39.923695]"
4271,21433,"[116.30703,39.970215]"
4325,5539,"[116.354729,39.897968]"
4135,15343,"[116.294212,39.924088]"
4423,15896,"[116.36087,39.981644]"
4357,5600,"[116.450066,39.984085]"
4417,2800,"[116.48967,39.929893]"
4955,6968,"[116.342873,39.892429]"
4278,21550,"[116.310463,39.914097]"
4117,21078,"[116.352844,39.993248]"
4271,11425,"[116.324806,39.946106]"
4325,5536,"[116.325027,39.850243]"
4956,10998,"[116.277367,39.907536]"
4274,12474,"[116.211594,39.836254]"
4357,8652,"[116.393852,39.948204]"
4417,15887,"[116.275856,39.924202]"
4124,7165,"[116.292679,39.974056]"
4132,2278,"[116.264671,39.920822]"
4427,2871,"[116.349014,39.895634]"
4357,6652,"[116.461502,39.94128]"
4398,16843,"[116.429008,39.989288]"
4270,8338,"[116.427094,39.959518]"
4955,855,"[116.314301,40.021069]"
4394,14730,"[116.370918,39.839821]"
4129,20223,"[116.347656,39.859436]"
4276,13450,"[116.328461,39.946693]"
4132,20275,"[116.343185,39.897961]"
4348,1633,"[116.454536,39.969952]"
4125,7183,"[116.453056,40.007187]"
4957,11922,"[116.489861,39.928391]"
4953,21962,"[116.357452,39.853111]"
4394,12685,"[116.375542,39.763397]"
4274,12473,"[116.44651,39.879181]"
4357,2660,"[116.445549,39.991615]"
4417,14896,"[116.374039,39.865978]"
4417,690,"[116.356491,39.944771]"
4137,16336,"[116.462357,39.792549]"
4397,18638,"[116.423126,39.949703]"
4270,2411,"[116.49115,40.008045]"
4394,18587,"[116.461823,39.94725]"
4125,13183,"[116.322914,39.985729]"
4276,11494,"[116.291489,39.923977]"
4956,4944,"[116.47374,39.984924]"
4271,8367,"[116.368164,39.967953]"
4123,15166,"[116.348228,39.918285]"
4394,8702,"[116.461807,39.928139]"
4269,20405,"[116.502037,40.000839]"
4299,16589,"[116.306686,39.94315]"
4137,16346,"[116.353439,39.963734]"
4423,4806,"[116.363876,39.8797]"
4278,4493,"[116.445923,39.881004]"
4125,14211,"[116.405479,39.992123]"
4423,11739,"[116.43338,39.969566]"
4129,192,"[116.394684,39.933498]"
4131,6276,"[116.348724,39.986523]"
4325,6565,"[116.341583,39.986195]"
4126,2193,"[116.34481,39.919033]"
4278,1524,"[116.300011,39.879993]"
4278,21549,"[116.381516,39.948818]"
4397,11653,"[116.433472,39.944057]"
4424,7823,"[116.521629,39.962967]"
4427,1933,"[116.354324,39.907269]"
4424,14916,"[116.348671,40.023018]"
4127,2204,"[116.417824,39.893063]"
4132,17313,"[116.378784,39.986492]"
256,5036,"[116.356476,39.910324]"
4123,7147,"[116.462196,39.915695]"
4124,4158,"[116.332794,39.987934]"
4124,11181,"[116.398697,39.949074]"
4964,995,"[116.450912,39.879421]"
4424,13832,"[116.459366,39.962376]"
4125,12208,"[116.366585,40.009605]"
4348,19588,"[116.503212,39.965157]"
4271,19393,"[116.382721,39.871586]"
4396,2696,"[116.348808,39.895573]"
4129,21219,"[116.489616,39.8894]"
4423,20914,"[116.3395,39.992931]"
4397,9794,"[116.233864,39.897011]"
4956,11918,"[116.448845,39.923149]"
257,11046,"[116.348152,39.79427]"
4123,19123,"[116.472473,39.908146]"
4348,14665,"[116.348801,39.891922]"
4278,406,"[116.310287,39.898434]"
4118,14114,"[116.321373,39.905884]"
255,9011,"[116.521812,39.908463]"
4427,17826,"[116.277756,39.896824]"
257,20061,"[116.45359,39.916225]"
4956,4956,"[116.431793,39.868519]"
4348,9667,"[116.404129,39.915199]"
4417,1852,"[116.252861,39.863766]"
4119,6102,"[116.221298,39.988224]"
256,5029,"[116.416367,39.901089]"
4276,9518,"[116.390991,39.922546]"
4137,6376,"[116.476791,39.907928]"
4956,17908,"[116.303802,39.985203]"
258,3072,"[116.355858,39.927212]"
4396,7679,"[116.461678,39.928799]"
257,21035,"[116.52063,39.907974]"
4131,21261,"[116.450363,39.946449]"
4274,12464,"[116.462006,39.917011]"
4274,21494,"[116.410019,39.871918]"
4357,9714,"[116.481888,39.908115]"
4348,9662,"[116.347008,39.854416]"
4399,12820,"[116.452385,39.825512]"
4135,17334,"[116.338287,39.973598]"
4271,13404,"[116.286598,39.825871]"
4118,20080,"[116.471741,39.974171]"
4423,4795,"[116.368614,39.947803]"
4955,5878,"[116.353088,39.986446]"
4423,11737,"[116.379448,39.959099]"
4357,17633,"[116.402573,39.900684]"
4130,15261,"[116.408371,39.946121]"
4348,15670,"[116.32914,39.896378]"
4123,21148,"[116.461945,39.918816]"
4137,1382,"[116.269768,39.769794]"
4269,19363,"[116.310577,39.905548]"
4424,2854,"[116.40699,40.022488]"
4136,16322,"[116.323784,39.850731]"
4953,11829,"[116.388695,39.987843]"
4276,4451,"[116.467003,39.893463]"
4417,20902,"[116.276047,39.970181]"
4278,14536,"[116.461601,39.919121]"
4124,6154,"[116.415749,39.969151]"
4424,726,"[116.309906,39.935036]"
4961,11999,"[116.257187,39.88953]"
4955,6979,"[116.365837,39.88937]"
4132,6295,"[116.408997,39.892891]"
4124,7166,"[116.436928,39.929485]"
4137,18351,"[116.342102,39.775436]"
4953,11837,"[116.34005,39.996666]"
4123,12168,"[116.289749,39.82914]"
4397,10720,"[116.317673,39.939442]"
4400,11704,"[116.453018,40.017601]"
4130,5258,"[116.535995,40.022278]"
4396,21760,"[116.369362,39.907085]"
4423,17770,"[116.327332,39.992401]"
4397,10716,"[116.410904,39.872139]"
4961,951,"[116.321388,39.928059]"
4129,3236,"[116.365311,40.007813]"
4131,18270,"[116.434189,39.927929]"
4427,1914,"[116.207207,39.924362]"
4424,20926,"[116.356674,39.916485]"
4348,16691,"[116.433731,39.940289]"
4325,15641,"[116.342232,39.831295]"
4124,1218,"[116.332748,39.993877]"
4394,597,"[116.416443,39.857334]"
4399,1802,"[116.296944,39.946899]"
4955,19914,"[116.466385,39.968639]"
4424,2850,"[116.372215,39.907364]"
4427,18778,"[116.445175,39.854973]"
4348,5571,"[116.504829,40.003315]"
4118,1117,"[116.356285,39.928303]"
4130,17270,"[116.450172,39.975761]"
4396,5668,"[116.404007,39.949112]"
4397,16832,"[116.355141,39.942348]"
4394,12682,"[116.349487,39.897854]"
4955,11874,"[116.313133,39.863075]"
4276,5490,"[116.35276,39.901604]"
4136,6353,"[116.323456,39.967281]"
4956,19945,"[116.274399,39.936344]"
4427,6917,"[116.455109,39.941238]"
4136,15352,"[116.407509,39.988277]"
4131,6256,"[116.365654,39.981068]"
4347,10555,"[116.487892,39.900578]"
4121,10178,"[116.542694,39.931347]"
4132,16282,"[116.349548,39.914043]"
4394,8691,"[116.446754,39.908367]"
4399,20839,"[116.319954,39.854538]"
4132,3294,"[116.374596,39.888027]"
4276,19456,"[116.386574,39.878994]"
4954,823,"[116.356697,39.91362]"
4396,21763,"[116.256294,39.896923]"
4904,11801,"[116.372581,39.948807]"
4137,3408,"[116.363289,39.889294]"
4401,16921,"[116.346214,39.903149]"
4127,174,"[116.274742,39.963879]"
4400,18675,"[116.237465,39.907406]"
4357,539,"[116.407387,39.832241]"
4131,15282,"[116.392525,39.951504]"
4137,19315,"[116.49501,39.923058]"
4396,5661,"[116.245995,39.897022]"
4272,16436,"[116.279236,39.897259]"
4955,6966,"[116.31089,39.985409]"
4276,1492,"[116.368294,39.993752]"
4953,8946,"[116.333466,39.933975]"
4278,1518,"[116.484421,39.956623]"
4135,5342,"[116.284584,39.873539]"
4427,2890,"[116.308311,39.957985]"
4125,15193,"[116.299316,39.959148]"
4118,9131,"[116.427307,39.988941]"
4394,18588,"[116.356148,40.02301]"
4357,10593,"[116.447708,39.832489]"
4904,17845,"[116.368286,39.936451]"
4956,2989,"[116.410034,39.857193]"
4394,1685,"[116.296272,39.896999]"
4423,9944,"[116.501488,40.000244]"
4397,9821,"[116.356926,39.907173]"
4423,12901,"[116.454605,39.941292]"
4278,15534,"[116.296944,39.938599]"
4123,19125,"[116.41713,39.985844]"
4424,19778,"[116.433167,39.948715]"
4363,16729,"[116.421585,39.839092]"
4325,5546,"[116.370201,40.001469]"
4395,3812,"[116.403084,39.968773]"
4270,19379,"[116.345856,39.833286]"
4123,15149,"[116.307945,39.964783]"
4129,4214,"[116.322685,39.89724]"
257,3052,"[116.427719,39.871246]"
256,15042,"[116.274132,39.904835]"
4271,16433,"[116.366623,39.967766]"
4278,19501,"[116.295105,39.983639]"
4118,5110,"[116.362228,39.86882]"
4124,11169,"[116.519897,39.850292]"
4270,4378,"[116.297165,39.946671]"
4394,1682,"[116.461258,39.895916]"
4123,17144,"[116.356522,39.93055]"
4357,15721,"[116.466797,39.984028]"
4396,3830,"[116.349281,39.986984]"
4427,8912,"[116.489868,39.899944]"
4348,13584,"[116.336411,39.923168]"
4424,7817,"[116.347755,39.93935]"
4269,11394,"[116.373886,39.905209]"
4274,21484,"[116.353233,39.891918]"
4348,19585,"[116.445221,39.884869]"
257,10112,"[116.328766,39.935528]"
4397,2720,"[116.402771,39.91951]"
4401,3906,"[116.4189,39.895878]"
4119,2113,"[116.462105,39.893627]"
4956,6992,"[116.456482,39.959557]"
4424,18738,"[116.413338,39.949097]"
4170,16377,"[116.365265,39.855129]"
4427,10896,"[116.228508,39.924309]"
4117,19065,"[116.458237,40.008083]"
4123,19124,"[116.282219,39.975311]"
4394,1695,"[116.303856,39.95565]"
257,10103,"[116.275307,39.921524]"
4118,16086,"[116.253174,39.905144]"
4279,9580,"[116.384666,39.948765]"
257,1058,"[116.431519,39.894077]"
4269,7343,"[116.472641,39.948875]"
4131,14269,"[116.413857,39.98838]"
4955,4917,"[116.349777,40.023193]"
4959,11971,"[116.318794,40.008698]"
4953,11826,"[116.222,39.897144]"
4132,5301,"[116.434303,39.929234]"
4399,7742,"[116.441391,39.870564]"
4955,19922,"[116.537933,40.021599]"
4397,6738,"[116.374252,39.866459]"
4137,2368,"[116.396469,39.857178]"
4417,5759,"[116.290321,39.998676]"
4398,14823,"[116.446327,39.884556]"
4904,14973,"[116.4897,39.885296]"
4134,3327,"[116.355705,39.976593]"
4118,20079,"[116.461594,39.929279]"
4398,10751,"[116.446098,39.884148]"
4357,14683,"[116.344948,39.817348]"
4955,2964,"[116.300461,39.923897]"
256,14036,"[116.346756,39.96785]"
4129,11261,"[116.486099,39.915348]"
4276,392,"[116.206825,39.927624]"
4955,1974,"[116.43811,39.968781]"
4427,17823,"[116.435768,39.893997]"
4135,15328,"[116.30603,39.979206]"
4417,7777,"[116.445076,39.886852]"
4394,9741,"[116.311661,39.874546]"
4427,19830,"[116.417313,39.981216]"
4271,18400,"[116.275032,39.930733]"
4132,5285,"[116.310005,39.911137]"
4134,2295,"[116.321228,39.906624]"
4348,3701,"[116.227699,39.846893]"
4276,391,"[116.418503,39.908504]"
4132,3292,"[116.363266,39.901939]"
4278,13489,"[116.474281,39.975475]"
257,13057,"[116.427284,39.871223]"
4136,5347,"[116.443626,39.964687]"
4278,16526,"[116.340065,39.996117]"
4271,11411,"[116.428192,39.972767]"
4269,21393,"[116.383736,39.849895]"
4276,21518,"[116.542595,39.934795]"
4325,19553,"[116.413719,39.857147]"
4348,12647,"[116.403183,39.949032]"
4397,12775,"[116.311142,39.97797]"
4274,18440,"[116.395119,39.959225]"
4325,21647,"[116.356071,39.929348]"
4271,15434,"[116.277092,39.879337]"
4118,11094,"[116.376259,39.907608]"
254,16002,"[116.358574,39.932377]"
4270,19382,"[116.310249,39.897423]"
257,18058,"[116.312813,39.864239]"
4278,17519,"[116.409225,39.949402]"
4394,14716,"[116.273987,39.905819]"
4401,20867,"[116.292114,39.996544]"
4325,2590,"[116.27536,39.950531]"
4123,12175,"[116.287605,40.009998]"
4959,11970,"[116.408104,39.952225]"
4134,2292,"[116.356194,39.922848]"
4427,784,"[116.476479,39.954041]"
4271,3471,"[116.487213,39.908138]"
257,21037,"[116.434128,39.947525]"
4271,16422,"[116.227989,39.996342]"
4423,14901,"[116.457809,39.790997]"
4424,21879,"[116.309937,39.926407]"
4276,4465,"[116.373528,40.001717]"
4424,12913,"[116.373886,39.909695]"
4357,12651,"[116.461205,39.895386]"
4325,6582,"[116.442055,39.926968]"
4398,4735,"[116.479752,39.908321]"
4131,12297,"[116.310287,39.897709]"
4276,10488,"[116.408257,39.907909]"
4127,13234,"[116.353462,39.96817]"
4127,13223,"[116.384949,39.885296]"
4278,3564,"[116.277237,39.897053]"
4954,19891,"[116.307343,39.966961]"
4124,12199,"[116.310547,39.921383]"
4401,10800,"[116.324394,39.956856]"
4396,3816,"[116.381416,39.977596]"
4124,15169,"[116.309853,39.948856]"
4397,4719,"[116.407387,39.99501]"
4400,10793,"[116.421272,40.022175]"
4278,17514,"[116.406281,39.888111]"
258,5084,"[116.335251,39.910305]"
4129,14257,"[116.387093,39.857052]"
4276,17478,"[116.296082,39.830452]"
4398,3868,"[116.431694,39.88427]"
4956,4940,"[116.356384,39.918301]"
4399,10776,"[116.198799,39.836449]"
4957,11939,"[116.413582,39.949268]"
4348,489,"[116.415535,39.949245]"
4123,6150,"[116.42765,39.880463]"
4131,11303,"[116.323105,39.992493]"
4904,21953,"[116.251266,39.863052]"
4269,8321,"[116.324295,40.024776]"
4399,671,"[116.467712,39.87693]"
4357,14688,"[116.313049,39.833569]"
4400,10785,"[116.373337,39.865616]"
4394,4670,"[116.274353,39.910099]"
4127,13221,"[116.453911,39.908363]"
4417,11714,"[116.442345,39.949516]"
4398,17722,"[116.235931,39.843945]"
4401,13773,"[116.426147,39.92746]"
4118,18108,"[116.306671,39.912994]"
4357,20712,"[116.339714,39.923206]"
4274,4437,"[116.356636,39.91061]"
4325,1589,"[116.468079,39.95142]"
4397,16838,"[116.422989,39.846016]"
4396,11637,"[116.309898,39.910206]"
4398,5690,"[116.365509,39.946487]"
4123,7158,"[116.468964,39.836308]"
4953,2911,"[116.350204,39.944374]"
4959,17978,"[116.237503,39.907433]"
4279,20567,"[116.375298,39.9328]"
4118,7096,"[116.396248,39.934723]"
4417,4776,"[116.310417,39.900131]"
4961,954,"[116.315033,40.003635]"
4955,7943,"[116.523102,39.908691]"
4396,15796,"[116.434906,39.915127]"
4299,16610,"[116.288872,39.896988]"
4400,8795,"[116.273727,39.910961]"
4117,16077,"[116.461761,39.926056]"
254,13006,"[116.35273,39.967655]"
4417,13807,"[116.352608,39.909973]"
4394,19655,"[116.407867,39.999126]"
4124,11186,"[116.209686,39.944176]"
4427,1907,"[116.330612,39.90728]"
4274,2472,"[116.202553,39.94405]"
4348,18544,"[116.390778,39.96846]"
4427,1931,"[116.310135,39.921436]"
4273,6426,"[116.3181,40.013958]"
257,20049,"[116.273972,39.893059]"
4137,6368,"[116.323006,39.851269]"
4357,14696,"[116.421501,39.867107]"
4357,3738,"[116.514412,39.907921]"
4278,14534,"[116.465996,39.997086]"
4396,21768,"[116.310303,39.89991]"
4134,12327,"[116.42765,39.924377]"
4137,15372,"[116.369881,39.94804]"
257,18068,"[116.415169,39.988728]"
4959,5949,"[116.328728,39.830273]"
4399,16866,"[116.500114,39.870705]"
4394,571,"[116.343521,39.938419]"
4953,17854,"[116.374596,39.883202]"
4124,141,"[116.335564,39.897236]"
4118,5124,"[116.460106,39.949215]"
4125,5223,"[116.371391,39.95536]"
4357,3731,"[116.356316,39.924114]"
4279,17543,"[116.309853,39.942356]"
4401,6816,"[116.39505,39.958794]"
4269,8328,"[116.280807,39.907448]"
4137,16351,"[116.211082,39.906536]"
4274,7426,"[116.20327,39.924667]"
4137,21366,"[116.28878,39.978745]"
4425,4841,"[116.338028,39.89753]"
4127,9306,"[116.376183,39.889099]"
4119,13121,"[116.278923,39.971973]"
4400,11700,"[116.369637,39.93248]"
4132,3304,"[116.420326,39.901623]"
4348,9692,"[116.538704,39.945774]"
4394,13654,"[116.471748,39.859406]"
4132,6296,"[116.438545,39.86348]"
4271,6406,"[116.355064,39.959496]"
4401,16913,"[116.298439,39.897064]"
4279,21556,"[116.310516,39.923954]"
4136,17337,"[116.309761,39.944168]"
4956,5901,"[116.353249,39.996311]"
4132,7266,"[116.348427,39.967999]"
4953,17858,"[116.372902,39.889069]"
4397,634,"[116.281502,39.897076]"
4123,12180,"[116.299171,39.923901]"
4351,18556,"[116.465836,39.908607]"
4273,17434,"[116.402718,39.892376]"
4121,9184,"[116.409218,39.83215]"
4423,719,"[116.51403,40.011669]"
4399,6783,"[116.355125,39.889549]"
4427,1906,"[116.348633,39.891685]"
257,20055,"[116.439766,39.976192]"
4423,2828,"[116.276077,39.881088]"
4904,8942,"[116.364128,39.899414]"
4399,1810,"[116.434021,39.959713]"
4424,1881,"[116.288597,39.897064]"
4132,18291,"[116.326859,39.967453]"
4357,3726,"[116.335922,39.951836]"
4417,1854,"[116.434708,39.914612]"
4357,4637,"[116.352966,39.92828]"
4125,145,"[116.541412,40.024281]"
4955,7941,"[116.264664,39.914909]"
4125,4177,"[116.35569,39.924831]"
257,12046,"[116.303101,39.88155]"
4136,8308,"[116.539505,39.923588]"
4269,16388,"[116.316719,39.907677]"
4363,3756,"[116.375999,39.968113]"
4954,17889,"[116.433746,39.944744]"
4357,4621,"[116.509964,39.870316]"
4423,4804,"[116.386551,39.871052]"
4397,9795,"[116.520576,39.828354]"
4348,15686,"[116.356033,39.951984]"
4357,19626,"[116.271477,39.924107]"
4122,1171,"[116.435211,39.893543]"
4274,5462,"[116.328186,39.937355]"
4955,19915,"[116.234581,39.861271]"
4280,21572,"[116.275513,39.947502]"
4396,1734,"[116.539772,39.943085]"
4424,16964,"[116.467575,39.959068]"
4904,21949,"[116.290428,39.841595]"
4953,18809,"[116.35434,39.973515]"
4119,11101,"[116.30806,39.985241]"
257,16044,"[116.418968,39.949249]"
4962,18944,"[116.253098,39.899548]"
4123,2158,"[116.336472,40.023041]"
4170,19340,"[116.476944,39.978054]"
4271,12424,"[116.444557,39.874325]"
4427,20957,"[116.304611,39.881725]"
4396,13686,"[116.46167,39.917515]"
4424,2852,"[116.526932,40.019085]"
4273,6430,"[116.321533,39.852818]"
4325,4543,"[116.439003,39.981522]"
4129,16230,"[116.349113,39.96777]"
4132,21271,"[116.480698,39.993851]"
4396,6731,"[116.26371,39.872173]"
4129,21221,"[116.540382,39.909687]"
4397,2717,"[116.330177,39.897095]"
4276,5476,"[116.33049,39.967403]"
4956,13964,"[116.40976,39.892914]"
4398,14824,"[116.32122,39.870853]"
4394,5637,"[116.417747,39.972015]"
4394,2674,"[116.253944,39.907482]"
4955,1990,"[116.353493,39.983627]"
4132,8258,"[116.285385,39.946533]"
4137,4346,"[116.462883,39.83382]"
4274,21497,"[116.392021,39.907349]"
4272,7382,"[116.349152,39.958076]"
4396,12732,"[116.264725,39.928616]"
4118,17111,"[116.526947,40.019062]"
4962,18942,"[116.273705,39.911758]"
4357,5585,"[116.356232,39.946201]"
4135,10350,"[116.356697,39.913776]"
4357,10589,"[116.40654,39.948765]"
4280,6540,"[116.222481,39.844875]"
4137,17371,"[116.355049,39.940647]"
4357,3748,"[116.456902,39.983353]"
4427,20971,"[116.461327,39.952892]"
4401,12857,"[116.461456,39.891464]"
4269,7350,"[116.420921,39.949532]"
4132,16288,"[116.274529,39.895229]"
4132,12316,"[116.355804,39.941341]"
4137,21356,"[116.387268,39.879509]"
4280,16566,"[116.358299,40.017429]"
4427,15945,"[116.53801,39.90918]"
4427,8905,"[116.440742,39.924389]"
4357,15708,"[116.526825,39.894154]"
4394,18591,"[116.458542,39.908646]"
4904,12997,"[116.420883,39.882984]"
4955,19924,"[116.345184,39.812649]"
4957,7987,"[116.321281,39.938965]"
4118,5109,"[116.349152,39.878353]"
4276,6465,"[116.348732,39.884323]"
4124,8172,"[116.354996,39.965122]"
4904,10922,"[116.286652,39.973183]"
4271,3456,"[116.342216,39.897713]"
4124,21171,"[116.281464,39.865177]"
258,9076,"[116.424454,39.980221]"
4278,16514,"[116.365456,39.993774]"
4271,17413,"[116.23291,39.997345]"
4276,5475,"[116.310265,39.895741]"
4398,6771,"[116.348961,39.888935]"
4125,16184,"[116.346031,40.023052]"
4127,3224,"[116.373955,39.908897]"
4955,8984,"[116.324806,39.889874]"
257,8038,"[116.355888,39.928486]"
4400,20844,"[116.425446,39.949654]"
4271,10426,"[116.434456,39.928375]"
4351,1637,"[116.344078,39.986256]"
4394,570,"[116.382614,39.8708]"
4132,10344,"[116.325485,39.935955]"
4397,11657,"[116.536324,40.022484]"
4401,20865,"[116.352806,39.986454]"
4394,5655,"[116.416817,39.897255]"
4424,20923,"[116.38147,39.854332]"
4904,793,"[116.35318,39.989014]"
256,19016,"[116.302322,39.96611]"
4299,21631,"[116.489914,39.902885]"
4132,17294,"[116.279503,40.024612]"
4279,6530,"[116.456978,39.955769]"
4133,21298,"[116.536201,39.909531]"
4270,3440,"[116.312637,39.90834]"
4122,1169,"[116.383911,39.87088]"
4357,11580,"[116.357552,39.90134]"
4427,17815,"[116.436424,39.901791]"
4424,10847,"[116.433731,39.932499]"
4325,16646,"[116.356445,39.906178]"
4399,18663,"[116.425568,39.941029]"
4278,20527,"[116.352364,40.009483]"
4170,17374,"[116.455414,40.014206]"
4397,1756,"[116.525688,40.018761]"
257,20057,"[116.334221,39.927254]"
4125,19165,"[116.345764,39.828556]"
4953,14995,"[116.348495,39.99324]"
4127,17214,"[116.329193,39.779644]"
4278,412,"[116.428642,39.871227]"
4423,1868,"[116.444221,39.893311]"
4276,2491,"[116.444008,39.872505]"
4280,21575,"[116.345993,39.83506]"
4394,560,"[116.305214,39.892887]"
4121,6116,"[116.417168,40.003799]"
4955,19916,"[116.30619,39.897152]"
4270,9447,"[116.293884,39.897171]"
4132,11329,"[116.462463,39.907253]"
4123,3152,"[116.379578,39.96027]"
4276,11479,"[116.542641,39.933365]"
4274,10451,"[116.439178,39.967823]"
4962,18964,"[116.538437,39.936111]"
4401,9914,"[116.314735,39.985432]"
4957,19983,"[116.466972,39.917492]"
4957,11929,"[116.310158,39.946037]"
4124,12183,"[116.487022,39.893074]"
4400,2775,"[116.390991,39.889809]"
4270,4380,"[116.471977,39.884396]"
4279,16538,"[116.310349,39.912457]"
4124,5208,"[116.526649,39.911377]"
4131,13281,"[116.329605,39.848953]"
4423,14908,"[116.450401,39.929691]"
4276,18449,"[116.323822,39.867928]"
4956,4946,"[116.325493,39.932648]"
4124,19152,"[116.352402,39.889565]"
4423,17774,"[116.393745,39.907478]"
4132,16281,"[116.488899,39.988461]"
4953,20998,"[116.436989,39.933865]"
4961,18913,"[116.384239,39.968586]"
257,1062,"[116.365242,39.979294]"
4118,2082,"[116.459152,39.908432]"
4394,13645,"[116.543159,39.922321]"
4131,1286,"[116.310005,39.947422]"
4125,14208,"[116.461731,39.905991]"
4134,11338,"[116.406815,39.892635]"
4394,18589,"[116.311584,39.884739]"
4427,785,"[116.369148,39.967976]"
4135,13333,"[116.426292,39.803638]"
4424,21873,"[116.417458,39.924606]"
257,16052,"[116.336456,39.88015]"
4398,10756,"[116.293045,39.830921]"
4955,4912,"[116.356018,39.942802]"
4348,10568,"[116.44957,39.933929]"
4270,1424,"[116.45845,39.871368]"
4269,12394,"[116.358704,39.986961]"
4135,4297,"[116.310341,39.98542]"
4134,2285,"[116.310448,39.931396]"
257,12048,"[116.322517,39.963348]"
4121,20147,"[116.401443,39.948864]"
4134,16299,"[116.417679,39.973801]"
4956,17910,"[116.370872,39.899677]"
4953,2920,"[116.379662,39.953865]"
4127,16216,"[116.326454,39.967106]"
4397,16835,"[116.431328,39.886429]"
4417,18711,"[116.317322,39.939545]"
4398,15810,"[116.31662,39.982925]"
4357,14680,"[116.354935,39.928196]"
4131,17289,"[116.20919,39.924633]"
4137,17368,"[116.361069,39.868725]"
257,14043,"[116.474907,39.976322]"
4129,19201,"[116.372223,39.946892]"
4417,20879,"[116.379219,39.959789]"
4132,11310,"[116.336746,39.938217]"
4955,13949,"[116.467697,39.882019]"
4134,2289,"[116.314972,40.00264]"
4276,3536,"[116.491074,39.909382]"
4427,10893,"[116.461716,39.951351]"
4118,1116,"[116.305214,39.892887]"
255,16013,"[116.329315,39.938339]"
4132,17301,"[116.432861,39.870941]"
4397,14788,"[116.375923,39.968155]"
4123,13156,"[116.529152,40.019794]"
4269,14397,"[116.435249,39.93367]"
4400,16881,"[116.437271,39.933743]"
4417,20886,"[116.453461,39.861938]"
4955,10983,"[116.344734,39.986839]"
4122,18156,"[116.52623,39.913486]"
4270,6396,"[116.348885,39.88678]"
257,8036,"[116.42524,39.959572]"
4904,17844,"[116.339233,40.02314]"
4137,10403,"[116.489632,39.895329]"
4271,1431,"[116.453041,39.880669]"
4961,18925,"[116.418907,39.895611]"
4396,20782,"[116.30658,39.985077]"
4134,11336,"[116.308777,39.850861]"
4348,3700,"[116.302361,39.907463]"
4427,1930,"[116.309906,39.934402]"
4957,17932,"[116.530304,39.923637]"
4269,18381,"[116.461502,39.949764]"
4134,258,"[116.363274,39.993679]"
4132,19262,"[116.276665,39.956795]"
257,11053,"[116.428711,40.022064]"
4299,16590,"[116.303368,39.830521]"
4962,5986,"[116.275146,39.928173]"
4399,661,"[116.373123,39.930817]"
4132,21277,"[116.358475,39.923775]"
4348,6610,"[116.310135,39.932346]"
4394,9766,"[116.364349,39.946198]"
4396,13682,"[116.279686,39.871773]"
4131,9369,"[116.319588,39.992252]"
4956,4943,"[116.362999,40.00359]"
4124,15177,"[116.355721,39.94257]"
257,20046,"[116.417877,39.973686]"
4134,12323,"[116.404716,39.813744]"
4125,3186,"[116.402138,39.871815]"
4959,5944,"[116.306953,39.968391]"
4127,18222,"[116.355522,39.937706]"
4427,2895,"[116.335419,39.967621]"
4955,1969,"[116.287933,40.010223]"
4347,10558,"[116.424721,39.969769]"
4357,7611,"[116.283142,39.924152]"
4394,15768,"[116.420448,39.954216]"
257,20047,"[116.309608,39.953384]"
4269,1401,"[116.517853,40.014793]"
4325,11536,"[116.319458,39.971516]"
4423,17773,"[116.222092,39.933037]"
4401,10808,"[116.446091,39.950172]"
4123,12174,"[116.370003,39.869926]"
4136,3373,"[116.375732,39.98214]"
4132,17308,"[116.311478,39.985676]"
4423,10837,"[116.44783,39.96236]"
4357,21705,"[116.324959,39.947636]"
4956,4937,"[116.471947,39.916199]"
4272,2433,"[116.325516,39.968315]"
4427,21930,"[116.455452,39.937088]"
4137,12356,"[116.384377,39.857143]"
4123,8150,"[116.495728,39.816216]"
4136,6359,"[116.495728,39.816216]"
256,17029,"[116.340904,39.967449]"
4425,11774,"[116.445038,39.887272]"
4397,3839,"[116.363853,39.907059]"
4398,4736,"[116.418983,39.888905]"
4417,13790,"[116.38549,39.883389]"
4123,16157,"[116.275299,39.927975]"
4131,1289,"[116.46022,39.86713]"
4131,12278,"[116.312874,39.86454]"
4121,7128,"[116.333405,39.979557]"
4299,16608,"[116.461502,39.890858]"
256,16029,"[116.333847,39.930405]"
4122,6121,"[116.227348,39.911835]"
4123,7156,"[116.251541,39.896889]"
4278,16521,"[116.365097,39.850662]"
4135,18313,"[116.338104,39.967655]"
4134,16300,"[116.363396,39.903561]"
4129,17260,"[116.249893,39.896996]"
4348,14638,"[116.29734,39.96637]"
4127,13237,"[116.452881,39.884556]"
4276,16482,"[116.283188,39.893177]"
257,14039,"[116.358414,39.868408]"
4957,13979,"[116.346786,39.854233]"
4132,6288,"[116.377403,39.976803]"
4348,21676,"[116.273949,39.888073]"
4133,21299,"[116.407745,39.892597]"
4957,13994,"[116.400902,39.829826]"
4118,4079,"[116.280846,39.886639]"
4137,3389,"[116.461845,39.925705]"
4123,1207,"[116.356018,39.926373]"
4271,2430,"[116.35379,39.881828]"
4274,6450,"[116.433495,39.924553]"
4357,8633,"[116.306633,39.845093]"
258,19056,"[116.396049,39.900169]"
4132,14300,"[116.381203,39.974491]"
4348,1630,"[116.407791,39.924297]"
4961,11992,"[116.328522,39.910904]"
4289,5520,"[116.353798,39.985371]"
4135,11349,"[116.349556,39.877586]"
4118,11084,"[116.445236,39.885868]"
4397,20796,"[116.362251,39.932419]"
4269,18378,"[116.407455,39.985504]"
4957,11927,"[116.316689,39.981705]"
4131,19214,"[116.375732,39.84502]"
4134,7295,"[116.313103,39.811184]"
4956,13969,"[116.487633,39.863003]"
4427,17833,"[116.489723,39.889702]"
257,20042,"[116.39183,39.903503]"
4348,17622,"[116.394081,39.832188]"
4956,6996,"[116.418419,39.958019]"
4136,18333,"[116.328888,39.896954]"
4348,21671,"[116.394386,39.883587]"
4357,15707,"[116.44014,39.967323]"
4127,13226,"[116.233696,39.973164]"
257,2064,"[116.359634,39.910168]"
4357,7617,"[116.421173,39.902149]"
4394,8680,"[116.364677,39.921795]"
4137,1381,"[116.364388,39.868011]"
4394,572,"[116.500412,39.953979]"
4274,5463,"[116.43454,39.924976]"
4400,14846,"[116.279388,39.928631]"
4325,6585,"[116.295006,39.87561]"
4423,11748,"[116.459625,39.962555]"
4400,9874,"[116.511063,40.008968]"
4954,19895,"[116.474655,39.908447]"
4280,20573,"[116.461563,39.936474]"
4397,6737,"[116.499634,39.877903]"
4119,3112,"[116.367226,39.981972]"
4348,492,"[116.479294,39.899075]"
4123,14172,"[116.32608,39.848419]"
258,14060,"[116.377144,39.987652]"
4417,1848,"[116.414452,39.977043]"
4427,20972,"[116.370819,39.987312]"
4363,4644,"[116.431686,39.915657]"
4129,186,"[116.30719,39.878429]"
4271,19388,"[116.356758,40.007961]"
4123,20167,"[116.356888,39.911633]"
4131,14289,"[116.407562,39.996143]"
4278,10521,"[116.39547,39.800301]"
4279,21565,"[116.331802,39.938248]"
4269,20414,"[116.331894,39.98592]"
4423,2817,"[116.420509,39.955223]"
4400,6809,"[116.380409,39.969788]"
4348,11555,"[116.394447,39.964211]"
4131,7253,"[116.38105,39.978237]"
4127,1248,"[116.371223,39.84388]"
4127,16212,"[116.380829,39.970875]"
4123,4146,"[116.437576,39.925484]"
4347,16653,"[116.311745,39.885395]"
4398,12803,"[116.507126,39.913605]"
4132,10335,"[116.424179,39.986549]"
4269,18375,"[116.406235,39.923656]"
4325,3645,"[116.342789,39.849102]"
4956,11908,"[116.419472,39.832352]"
4401,16907,"[116.377823,39.968086]"
4127,12237,"[116.309937,39.884087]"
4124,10213,"[116.420776,39.933784]"
4348,5558,"[116.385773,39.968266]"
4953,10954,"[116.356354,39.920288]"
4132,234,"[116.33519,39.893002]"
4272,20445,"[116.405441,39.991501]"
4127,18213,"[116.357033,39.920685]"
4127,15228,"[116.371216,39.957367]"
4424,18743,"[116.382057,39.764187]"
4269,10412,"[116.386627,39.994072]"
4423,17771,"[116.314613,39.940376]"
4427,6910,"[116.390633,39.98822]"
4423,16958,"[116.358467,39.9142]"
4357,10582,"[116.400391,39.846527]"
4423,21856,"[116.331474,39.896847]"
4394,5645,"[116.394157,39.988136]"
4125,7190,"[116.429733,39.959553]"
4278,14541,"[116.410614,39.9771]"
4424,21870,"[116.39077,39.982502]"
255,9013,"[116.356575,39.90617]"
4127,18220,"[116.313103,39.819664]"
4325,15632,"[116.363197,39.913258]"
4325,3654,"[116.466316,39.972916]"
4119,13109,"[116.500069,39.865334]"
4131,1296,"[116.382225,39.968384]"
4127,15226,"[116.380035,39.982368]"
4135,19297,"[116.343399,39.897964]"
4427,15934,"[116.535591,39.909237]"
256,8017,"[116.348694,39.887894]"
4124,21168,"[116.371658,39.968136]"
4957,7994,"[116.491791,39.959976]"
4276,10478,"[116.425255,39.883984]"
4278,20549,"[116.326454,39.967106]"
4118,18093,"[116.502861,39.893333]"
4399,7737,"[116.4086,39.938568]"
4423,16955,"[116.461739,39.925114]"
4425,20943,"[116.282913,39.858528]"
4427,4857,"[116.359009,39.944466]"
4135,18309,"[116.246094,39.865788]"
4959,17988,"[116.344337,39.923809]"
4427,5801,"[116.406174,39.99437]"
4132,1306,"[116.367455,39.889408]"
4270,3452,"[116.487709,39.957619]"
4417,20898,"[116.348915,39.97657]"
4397,10729,"[116.378777,39.968178]"
4955,1993,"[116.38063,39.967709]"
4129,20233,"[116.31601,39.939739]"
4427,17832,"[116.380638,39.968334]"
4274,13428,"[116.346436,39.967667]"
4396,10695,"[116.417122,39.949326]"
4135,11363,"[116.418327,39.901489]"
4400,1826,"[116.310066,39.932339]"
4123,15160,"[116.438805,39.89782]"
4269,16393,"[116.461617,39.93541]"
4396,1733,"[116.328476,39.830559]"
4125,148,"[116.458549,39.884449]"
4417,11718,"[116.444977,39.964069]"
4131,215,"[116.51667,40.024242]"
4276,2482,"[116.376389,39.948845]"
4123,13146,"[116.448128,39.96207]"
4958,919,"[116.408585,39.939037]"
4133,19265,"[116.283066,39.932472]"
4357,10601,"[116.360176,39.830853]"
4127,9277,"[116.528603,40.019585]"
4357,7622,"[116.433258,39.884308]"
4135,6342,"[116.355309,39.952259]"
4956,6990,"[116.390854,39.85717]"
4271,12413,"[116.263527,39.929085]"
4124,15183,"[116.496117,39.915894]"
4953,10938,"[116.316841,39.847118]"
4132,11308,"[116.462006,39.976044]"
4127,12219,"[116.324074,39.897217]"
4964,999,"[116.301041,39.974537]"
4132,3311,"[116.415833,39.988792]"
4289,8529,"[116.45372,40.009106]"
4118,8096,"[116.426071,39.988926]"
4427,21915,"[116.425224,39.96954]"
4357,17642,"[116.295799,39.938293]"
4131,21253,"[116.380867,39.979805]"
4279,7494,"[116.310234,39.910095]"
4274,2475,"[116.474838,39.922985]"
4424,5776,"[116.388359,39.933544]"
4270,338,"[116.283432,39.919468]"
4118,14098,"[116.294899,39.893784]"
4417,12875,"[116.281631,39.866028]"
256,21019,"[116.355057,39.953289]"
4357,4616,"[116.334457,39.965862]"
4118,10147,"[116.399918,39.948978]"
4423,19764,"[116.371437,39.952137]"
4122,12155,"[116.445366,39.886463]"
4123,14153,"[116.390785,39.968414]"
257,10106,"[116.306847,39.883293]"
4904,5831,"[116.354576,39.958397]"
4956,5906,"[116.345329,39.824505]"
4134,5307,"[116.282028,39.976185]"
4394,5628,"[116.349731,39.897671]"
4957,4971,"[116.320198,39.969284]"
4170,15398,"[116.518387,40.015308]"
4357,19607,"[116.466385,39.981544]"
4133,21296,"[116.472221,39.933662]"
4133,20309,"[116.342659,39.84901]"
257,1059,"[116.336136,39.889828]"
256,17043,"[116.348999,39.895214]"
4325,6588,"[116.274132,39.911808]"
4271,9461,"[116.200386,39.942093]"
4276,16489,"[116.391335,39.976902]"
4123,9207,"[116.432777,39.900543]"
4117,9106,"[116.409515,39.842377]"
4269,16390,"[116.409096,39.968842]"
4423,6859,"[116.418831,39.893295]"
4118,16087,"[116.381393,39.968189]"
256,21020,"[116.323875,39.952969]"
4955,10965,"[116.356262,39.949463]"
4270,7357,"[116.49749,39.816963]"
4271,11407,"[116.399765,39.856655]"
4357,4642,"[116.320465,39.994686]"
4124,4164,"[116.501991,39.996925]"
4363,8659,"[116.422867,39.969269]"
4131,21243,"[116.381393,39.968239]"
4325,8533,"[116.334717,39.922974]"
4904,19861,"[116.307442,39.867119]"
4397,8752,"[116.301697,39.97311]"
4394,12693,"[116.338165,40.000526]"
4118,6082,"[116.364975,39.844032]"
4135,7314,"[116.493904,39.993328]"
257,14056,"[116.530327,39.909706]"
4269,21395,"[116.372719,39.861305]"
4325,1591,"[116.313339,39.940758]"
4269,9435,"[116.342003,39.769905]"
4134,15313,"[116.444778,39.960964]"
4137,17370,"[116.297615,39.966007]"
4137,4330,"[116.48745,39.987625]"
4423,4799,"[116.355095,39.952839]"
256,3040,"[116.409447,40.025196]"
257,12045,"[116.482536,39.915302]"
4955,2951,"[116.461945,39.910126]"
4134,3321,"[116.450668,39.990677]"
4278,13479,"[116.305916,39.907475]"
4122,10195,"[116.466011,39.917542]"
4955,10966,"[116.22377,39.907467]"
4271,9474,"[116.469498,39.951744]"
4125,18207,"[116.315529,39.980835]"
4427,12966,"[116.430191,39.993603]"
4394,9765,"[116.424561,39.831917]"
4123,10209,"[116.48114,39.963711]"
4396,10685,"[116.349541,39.932346]"
4961,18931,"[116.401833,39.972549]"
4962,988,"[116.444618,39.890751]"
257,7056,"[116.507797,39.807281]"
4957,7992,"[116.262001,39.903854]"
4394,16754,"[116.34256,39.923256]"
4271,8356,"[116.355637,39.942905]"
4955,6981,"[116.476173,39.978333]"
4325,8560,"[116.451538,39.832394]"
4357,8636,"[116.506828,39.908657]"
4118,18088,"[116.402931,39.917011]"
4396,21759,"[116.519569,40.015999]"
4953,15988,"[116.481094,39.871349]"
4279,14561,"[116.433746,39.870918]"
4357,21713,"[116.378304,39.902424]"
4953,14996,"[116.310257,39.93103]"
4954,11851,"[116.402763,39.976974]"
4137,11381,"[116.524895,39.941456]"
4423,2827,"[116.433052,39.948944]"
4118,16082,"[116.205208,39.924763]"
4396,629,"[116.303703,39.944752]"
4280,436,"[116.473366,39.974659]"
4278,2551,"[116.426544,39.91909]"
4399,20817,"[116.460838,39.941338]"
4170,20397,"[116.385361,39.948948]"
4325,4538,"[116.311119,39.924126]"
4274,20482,"[116.463547,39.949768]"
4127,9310,"[116.373192,39.968098]"
4399,19708,"[116.4776,39.900623]"
4125,15202,"[116.373962,39.883251]"
4271,15449,"[116.328415,39.896725]"
4424,728,"[116.491081,39.990974]"
4425,19812,"[116.268349,39.924072]"
4272,20443,"[116.484856,39.933716]"
4118,4090,"[116.508492,40.006527]"
4137,16364,"[116.394417,39.976086]"
4417,18710,"[116.329247,39.938572]"
4956,10997,"[116.291458,39.996506]"
4131,6269,"[116.405312,39.871994]"
4125,4172,"[116.285263,39.975605]"
4274,8433,"[116.282593,39.961613]"
4278,19495,"[116.498566,39.923092]"
4123,2139,"[116.310303,39.934177]"
4276,386,"[116.428307,39.941036]"
4348,11563,"[116.279465,39.907387]"
4400,3893,"[116.422676,39.933762]"
4269,14385,"[116.316238,39.867874]"
4118,67,"[116.359283,39.987038]"
4357,9715,"[116.461128,39.889034]"
4347,19558,"[116.263893,39.923992]"
258,17081,"[116.432373,39.940815]"
4956,2969,"[116.274185,39.909477]"
4271,14423,"[116.400436,40.002827]"
4123,12178,"[116.353439,39.968338]"
4122,3134,"[116.434593,39.923691]"
4417,21849,"[116.538025,40.023041]"
4274,20484,"[116.356293,39.924286]"
4395,3808,"[116.333488,39.980183]"
4954,11865,"[116.461456,39.928303]"
4125,14207,"[116.403145,39.933521]"
4424,11763,"[116.378471,39.986061]"
4131,12275,"[116.310593,39.888199]"
4278,14523,"[116.514824,39.892887]"
4955,11867,"[116.417595,39.977463]"
4357,2658,"[116.406944,39.906055]"
4118,2092,"[116.379532,39.901905]"
4131,3278,"[116.35685,39.90287]"
257,9064,"[116.373917,39.879139]"
4272,13411,"[116.498093,39.870888]"
4399,8770,"[116.423851,39.988792]"
4130,9342,"[116.500259,39.864109]"
4299,17575,"[116.279411,39.972366]"
4136,17350,"[116.319656,39.893196]"
4904,8927,"[116.394447,39.896908]"
4137,17356,"[116.346069,39.831013]"
4269,8329,"[116.407547,39.97073]"
4137,6370,"[116.256569,39.946888]"
4357,3754,"[116.369286,39.987267]"
4127,7196,"[116.447647,39.766968]"
4394,1696,"[116.355957,39.927021]"
4269,17396,"[116.472107,40.015125]"
4129,15233,"[116.340645,39.98547]"
4400,15850,"[116.35688,39.910923]"
4276,15485,"[116.343224,39.928066]"
4278,1531,"[116.348763,39.882195]"
4271,2424,"[116.343956,39.931835]"
4425,6894,"[116.37455,39.950966]"
4270,7355,"[116.310295,39.911026]"
4127,13230,"[116.30957,39.950844]"
4127,5233,"[116.220619,39.918579]"
4131,13283,"[116.339493,39.992695]"
4127,16220,"[116.280853,39.864971]"
4274,2469,"[116.440994,39.914051]"
4357,10587,"[116.339737,39.897518]"
4129,12254,"[116.432617,39.989269]"
4129,17258,"[116.426605,39.81813]"
256,25,"[116.461273,39.885406]"
4397,10706,"[116.439911,40.016647]"
4348,6629,"[116.324402,39.948025]"
4424,2839,"[116.366005,39.907097]"
4270,21415,"[116.289093,39.946972]"
4123,16152,"[116.304947,39.990402]"
4394,8682,"[116.337059,39.950096]"
4394,16766,"[116.526878,39.941444]"
4118,15106,"[116.332962,39.985832]"
4135,1342,"[116.453728,39.956989]"
4427,771,"[116.489319,39.990185]"
4134,6318,"[116.246292,39.861126]"
4424,3935,"[116.369606,39.987278]"
4273,5442,"[116.362579,39.883324]"
4127,18227,"[116.379974,39.928322]"
4417,10828,"[116.439468,39.872128]"
4278,21555,"[116.342461,39.967625]"
4135,12337,"[116.317505,39.985775]"
4126,3216,"[116.356178,39.923084]"
4394,4666,"[116.275925,39.954861]"
4956,5895,"[116.280121,39.951542]"
4325,8556,"[116.389832,39.988045]"
4396,9784,"[116.484459,39.984917]"
4417,16940,"[116.341904,39.967678]"
4396,2708,"[116.344017,39.931156]"
4278,12533,"[116.446007,39.881035]"
4423,2832,"[116.307487,39.985073]"
4135,11362,"[116.345306,39.805798]"
256,20028,"[116.374863,39.948685]"
4401,10799,"[116.406693,39.909504]"
4118,14113,"[116.271904,39.9245]"
4417,17764,"[116.274597,39.885616]"
4398,14820,"[116.348183,39.796646]"
4427,1908,"[116.417465,39.998055]"
4954,4895,"[116.461395,39.923748]"
4119,7106,"[116.220528,39.855526]"
4132,5287,"[116.438782,39.907036]"
4417,3915,"[116.381485,39.865402]"
4347,19561,"[116.489655,39.917648]"
4397,5675,"[116.431358,39.904972]"
4131,5276,"[116.380882,39.978149]"
4427,20960,"[116.410759,39.89267]"
4124,5213,"[116.350128,40.001034]"
4424,16965,"[116.390434,39.871323]"
4122,8133,"[116.379837,39.946579]"
4118,12115,"[116.289497,39.998901]"
4351,7595,"[116.46138,39.88879]"
4955,4920,"[116.461563,39.917324]"
4399,14839,"[116.390114,39.871387]"
4134,7291,"[116.356834,39.903114]"
4271,4390,"[116.516975,39.892715]"
4955,13930,"[116.451675,39.959766]"
4278,16517,"[116.317635,39.945808]"
4427,13891,"[116.444313,39.891399]"
4132,18287,"[116.332283,39.992741]"
4397,21772,"[116.366447,39.940609]"
4132,1316,"[116.400383,39.831615]"
4270,20420,"[116.350021,39.883945]"
4417,6852,"[116.374397,39.901291]"
4126,6207,"[116.284767,39.925114]"
4325,12588,"[116.433189,39.941917]"
4118,2093,"[116.471245,39.908508]"
4270,3436,"[116.444565,39.940006]"
4278,5509,"[116.318565,39.966011]"
4124,14191,"[116.288261,39.919514]"
4423,17772,"[116.440834,39.984322]"
4394,12713,"[116.399551,39.907776]"
4904,19872,"[116.380104,39.982742]"
258,17073,"[116.434082,39.928528]"
4134,5310,"[116.283081,39.861107]"
4398,12790,"[116.436554,39.901234]"
4357,7610,"[116.323433,39.954948]"
4399,9865,"[116.34906,39.895992]"
4125,17200,"[116.223961,39.765854]"
4123,8155,"[116.252808,39.885994]"
4129,11240,"[116.272118,39.897034]"
4118,8080,"[116.34597,39.91404]"
4357,5590,"[116.324234,39.967007]"
4289,19528,"[116.530754,40.020462]"
4127,9280,"[116.208389,39.819283]"
4273,20467,"[116.353508,39.968967]"
4137,21357,"[116.436134,39.905651]"
4132,1307,"[116.271851,39.924076]"
4357,21711,"[116.473045,39.915791]"
4904,12991,"[116.300507,39.923817]"
4904,12996,"[116.295128,39.896088]"
4957,7996,"[116.42112,39.897263]"
4123,16163,"[116.353943,39.978184]"
4276,14482,"[116.400993,39.893044]"
4423,721,"[116.274185,39.907536]"
257,5054,"[116.490631,40.008877]"
4123,9223,"[116.257568,39.838299]"
4398,19688,"[116.326653,39.907509]"
4274,2451,"[116.31987,39.907467]"
4953,17857,"[116.247726,39.897057]"
4124,4171,"[116.494949,39.907909]"
4401,12871,"[116.338799,40.001892]"
4953,17868,"[116.395416,39.982769]"
4424,7813,"[116.398132,39.900036]"
257,21042,"[116.274734,39.932766]"
4396,628,"[116.311897,39.896942]"
4269,16386,"[116.489929,39.896111]"
4396,6721,"[116.313911,40.022934]"
4125,13184,"[116.278717,39.896946]"
4397,13703,"[116.485886,39.906292]"
4276,384,"[116.428764,39.949581]"
4123,21137,"[116.45433,39.981441]"
4123,11166,"[116.438889,40.010868]"
258,2071,"[116.260353,39.946743]"
4123,12173,"[116.327698,39.797733]"
4271,9472,"[116.344711,39.938606]"
4123,2143,"[116.366356,39.967823]"
4423,11745,"[116.320847,39.939095]"
4271,8357,"[116.332054,39.976337]"
4357,16713,"[116.275345,39.927906]"
4904,10913,"[116.274124,39.909592]"
4954,11849,"[116.375175,39.987579]"
4117,7084,"[116.285522,39.946648]"
4401,12855,"[116.306015,39.977936]"
4955,6970,"[116.374466,39.869602]"
4954,816,"[116.269394,39.928967]"
4394,13652,"[116.540642,40.023991]"
4325,7560,"[116.530128,39.958435]"
4427,20950,"[116.348915,39.98645]"
4424,12935,"[116.434822,39.916908]"
4325,4544,"[116.360016,39.986969]"
4118,21102,"[116.466499,39.973183]"
4396,5669,"[116.532776,40.021191]"
4136,17340,"[116.396439,39.857327]"
4271,342,"[116.377701,39.860531]"
4276,9510,"[116.346863,40.023136]"
4395,8712,"[116.483322,39.91539]"
4957,18877,"[116.472511,39.908249]"
4129,21220,"[116.40406,39.871803]"
4276,20512,"[116.293762,39.820244]"
4274,14472,"[116.448708,40.018284]"
4427,14949,"[116.341682,39.897659]"
4396,13689,"[116.48893,39.989109]"
4397,12768,"[116.494484,39.827259]"
4271,13407,"[116.461769,39.943935]"
4132,235,"[116.317314,39.887585]"
4351,6640,"[116.434258,39.929913]"
4122,6122,"[116.356117,39.928421]"
4904,5818,"[116.337677,39.999489]"
4357,21721,"[116.38726,39.878357]"
4400,8792,"[116.28801,39.912926]"
4397,4703,"[116.356728,39.905396]"
4274,3521,"[116.356491,39.947796]"
4278,11528,"[116.344269,39.928226]"
4271,1435,"[116.523224,39.941559]"
4957,4986,"[116.296371,39.912922]"
4904,10916,"[116.360443,39.868546]"
4124,10211,"[116.453056,40.007187]"
4269,15407,"[116.385033,39.968243]"
4125,6168,"[116.395363,39.950935]"
4955,18822,"[116.293709,39.91901]"
4278,8490,"[116.541763,39.869102]"
4425,21902,"[116.479065,39.979996]"
4394,16748,"[116.441231,39.970322]"
4131,6261,"[116.422035,39.859425]"
257,21043,"[116.435173,39.913219]"
4123,20153,"[116.39743,39.96838]"
4276,12504,"[116.392906,39.949005]"
4273,5439,"[116.423027,39.949471]"
255,7005,"[116.372955,39.90876]"
4424,5774,"[116.420486,39.957382]"
4132,19255,"[116.434364,39.926655]"
4125,8175,"[116.459679,39.884399]"
4396,9783,"[116.372421,39.998585]"
4357,2659,"[116.496246,39.875813]"
4131,6265,"[116.346535,39.849911]"
4127,7206,"[116.364716,40.0229]"
4124,16170,"[116.36454,39.854668]"
4274,8417,"[116.300575,39.982189]"
4129,2243,"[116.295929,39.993534]"
4270,6397,"[116.257423,39.924374]"
257,7057,"[116.371254,39.856667]"
4123,9227,"[116.396912,39.871548]"
4274,20479,"[116.294235,39.864323]"
4122,1165,"[116.468391,39.944206]"
4398,6773,"[116.517166,40.014355]"
4274,6439,"[116.314453,40.019978]"
4123,9204,"[116.489517,39.905289]"
4276,15493,"[116.479195,39.811001]"
4280,9588,"[116.390244,39.933411]"
4131,19219,"[116.504257,40.002838]"
4400,16901,"[116.341476,39.938595]"
4398,14821,"[116.400421,40.004925]"
4118,17100,"[116.472626,39.895432]"
4124,6160,"[116.380669,39.922699]"
4398,10754,"[116.418617,39.969284]"
4397,1774,"[116.417755,39.887852]"
258,9078,"[116.350693,39.851105]"
257,10093,"[116.355682,39.868439]"
4904,8924,"[116.411964,39.94083]"
4401,14859,"[116.299644,39.880501]"
4125,6184,"[116.30851,39.963104]"
4125,13192,"[116.461693,39.902454]"
4118,4082,"[116.348297,39.897076]"
4400,685,"[116.292648,39.932377]"
4123,9206,"[116.418312,39.900761]"
4417,19738,"[116.490082,39.882664]"
4398,12808,"[116.425888,39.969299]"
4134,271,"[116.395737,39.871582]"
4363,3762,"[116.392967,39.968544]"
4135,3342,"[116.255676,39.897038]"
4957,19968,"[116.448471,39.95229]"
4427,15950,"[116.356239,39.948864]"
4271,15441,"[116.34774,39.86137]"
4299,16609,"[116.434242,39.940872]"
4400,4761,"[116.487083,39.958431]"
4357,17640,"[116.4403,39.85894]"
4130,11280,"[116.304756,39.944118]"
4134,17320,"[116.295105,39.889477]"
4289,18509,"[116.295135,39.885708]"
4427,20963,"[116.40815,39.96891]"
4357,526,"[116.337494,39.897488]"
4276,17484,"[116.310356,39.93898]"
4273,5435,"[116.358871,39.986801]"
4274,11470,"[116.264618,39.871136]"
4956,870,"[116.282738,39.867199]"
4270,3435,"[116.430382,39.949718]"
4394,16774,"[116.378601,39.856915]"
4131,15271,"[116.489548,39.986416]"
4427,10900,"[116.227119,39.845257]"
4127,14226,"[116.329964,39.967453]"
4122,11154,"[116.309357,39.951809]"
4400,2780,"[116.359123,40.001324]"
4127,2200,"[116.36248,39.907089]"
4400,17749,"[116.265121,39.946884]"
4424,9968,"[116.309952,39.941563]"
4958,910,"[116.477692,39.922882]"
4348,1627,"[116.433403,39.933613]"
4274,4432,"[116.528542,39.832623]"
4398,9847,"[116.275414,39.951759]"
4117,5103,"[116.407425,39.983669]"
4271,13392,"[116.426315,39.921471]"
4133,21295,"[116.457108,39.884548]"
4269,11390,"[116.381096,39.933136]"
4122,13140,"[116.275917,39.956406]"
4134,14318,"[116.293037,39.982658]"
4269,4361,"[116.387024,39.851936]"
4904,6924,"[116.217316,39.969803]"
4127,17216,"[116.387375,39.907356]"
4394,10651,"[116.333427,39.849457]"
4357,11593,"[116.335205,39.958347]"
4289,4529,"[116.324806,39.976276]"
4274,4430,"[116.396416,39.907593]"
4955,5889,"[116.461472,39.927853]"
4400,1828,"[116.395195,39.898567]"
254,3004,"[116.420868,39.969276]"
4125,6183,"[116.310211,39.909874]"
4123,2159,"[116.404243,39.872059]"
257,16048,"[116.379295,39.907185]"
4398,5693,"[116.348961,39.872929]"
4123,4145,"[116.386391,39.76178]"
4400,8808,"[116.326485,39.889557]"
4423,21857,"[116.310188,39.909584]"
4276,18458,"[116.40696,39.968853]"
258,11069,"[116.332924,39.967728]"
255,16019,"[116.275246,39.880363]"
256,12040,"[116.411613,39.85722]"
4424,7815,"[116.429123,39.988888]"
4427,4858,"[116.356102,39.941227]"
4127,8208,"[116.428665,39.932899]"
4121,14138,"[116.246544,39.83392]"
4123,13145,"[116.302147,39.912701]"
4956,4964,"[116.348236,39.951275]"
4357,16715,"[116.313896,39.940899]"
4423,19769,"[116.33963,39.897415]"
4401,5741,"[116.445015,39.986801]"
4394,5634,"[116.369713,39.932537]"
4125,3180,"[116.292068,39.924046]"
4960,17997,"[116.321152,39.871487]"
4276,13472,"[116.434395,39.927608]"
4953,4886,"[116.294899,39.893784]"
4427,8906,"[116.438065,39.90873]"
4399,16873,"[116.445099,39.887428]"
4348,21665,"[116.283424,39.856998]"
4397,10699,"[116.447014,39.985821]"
4955,10985,"[116.459259,39.859131]"
4357,19623,"[116.468674,39.986305]"
4131,13269,"[116.459908,39.954105]"
4961,5959,"[116.353752,39.986359]"
4124,19156,"[116.30793,39.906651]"
4276,12502,"[116.434784,39.918167]"
257,18070,"[116.259377,39.893257]"
4357,4632,"[116.40815,39.950855]"
4132,18284,"[116.311287,39.877533]"
4127,13232,"[116.462204,39.974808]"
4123,21136,"[116.331963,39.889957]"
4274,18435,"[116.310585,39.902737]"
4396,1727,"[116.31707,39.9324]"
4394,11613,"[116.368896,39.968006]"
4135,17327,"[116.317947,39.867783]"
4118,15093,"[116.286179,39.900219]"
4271,2427,"[116.308517,39.883579]"
4276,17482,"[116.29155,39.877666]"
4125,19161,"[116.34893,39.893295]"
4424,16984,"[116.483948,39.984505]"
4400,19726,"[116.496262,39.923069]"
4398,15822,"[116.295074,39.877476]"
4278,10517,"[116.310234,39.9053]"
4400,11705,"[116.466377,39.978249]"
4394,3805,"[116.360794,40.022682]"
4398,8754,"[116.361237,39.889359]"
4289,3629,"[116.484818,39.907921]"
4348,475,"[116.247833,39.907467]"
4129,21224,"[116.403831,40.022564]"
4399,6796,"[116.377235,39.988152]"
4424,13843,"[116.416824,39.992073]"
4398,19686,"[116.489883,39.898327]"
4278,2535,"[116.319847,39.86776]"
4397,21776,"[116.398766,39.94083]"
4132,6297,"[116.349007,39.897034]"
4953,17860,"[116.476982,39.979073]"
4269,14387,"[116.44503,39.990826]"
257,5051,"[116.407745,39.892597]"
4953,18787,"[116.44558,39.877007]"
4424,20928,"[116.475304,39.931072]"
4124,138,"[116.486786,39.981609]"
4119,11108,"[116.353775,39.986397]"
4123,16165,"[116.417915,39.912743]"
4400,17740,"[116.446632,39.962936]"
4269,14388,"[116.459167,39.86639]"
4118,20098,"[116.323891,39.992451]"
4269,19362,"[116.356285,39.923416]"
4398,10745,"[116.486771,39.884163]"
4956,869,"[116.461868,39.90287]"
4325,2597,"[116.5028,39.89893]"
4427,21937,"[116.490204,39.918182]"
4272,6410,"[116.439644,39.988827]"
4276,11477,"[116.496895,39.996025]"
4274,8429,"[116.403931,40.002388]"
4137,18354,"[116.439445,39.859238]"
4348,9686,"[116.320488,39.875202]"
4397,3849,"[116.274826,39.883999]"
4955,11871,"[116.374275,39.906414]"
4325,16648,"[116.428589,39.854866]"
4269,4370,"[116.44828,39.963997]"
4125,15198,"[116.335464,39.992844]"
4118,3081,"[116.360085,39.907269]"
4135,20349,"[116.546654,39.916103]"
4135,16309,"[116.442703,39.870804]"
4125,14210,"[116.536621,40.022469]"
4123,1196,"[116.457809,40.000515]"
258,16061,"[116.49012,39.917728]"
4274,8427,"[116.374573,39.987728]"
4133,20311,"[116.273972,39.897408]"
4279,9587,"[116.401642,40.012856]"
4132,19242,"[116.210342,39.922718]"
4953,18780,"[116.396217,39.857185]"
256,6031,"[116.43425,39.93095]"
4127,13239,"[116.483192,39.956127]"
4347,7561,"[116.483559,39.976665]"
4279,21560,"[116.404442,39.907978]"
4904,21948,"[116.396599,39.870945]"
257,5057,"[116.432053,39.958523]"
4398,16848,"[116.356857,39.943855]"
4423,10831,"[116.284889,39.877762]"
4357,10602,"[116.309105,39.985386]"
4119,12127,"[116.335396,39.955589]"
4955,1970,"[116.364899,39.856422]"
4423,4805,"[116.310303,39.937302]"
4904,7896,"[116.319565,39.893234]"
4325,8553,"[116.451561,39.922325]"
257,5052,"[116.353775,39.878094]"
4123,20150,"[116.360939,39.910576]"
4424,14924,"[116.434464,39.921726]"
4325,20633,"[116.310844,39.892986]"
4357,21699,"[116.410797,39.925705]"
4397,12757,"[116.31942,39.855183]"
4955,19935,"[116.327324,39.985924]"
4270,13386,"[116.386002,39.87101]"
4270,16406,"[116.462196,39.910954]"
4123,20177,"[116.34436,39.89764]"
4124,11174,"[116.349487,39.946571]"
4118,13081,"[116.28553,39.924202]"
4170,2382,"[116.301285,39.945324]"
4398,4727,"[116.450722,39.893375]"
4124,2169,"[116.323112,39.985508]"
255,13013,"[116.211052,39.901569]"
4118,2103,"[116.495667,40.01009]"
4394,1679,"[116.454666,39.922836]"
4953,7906,"[116.275513,39.88134]"
4123,4138,"[116.333755,40.022518]"
4123,126,"[116.4431,39.947613]"
4325,6563,"[116.442101,39.832188]"
4278,9550,"[116.494896,39.900791]"
257,18071,"[116.256065,39.924622]"
4118,18099,"[116.496445,39.923092]"
4955,6971,"[116.273071,39.946739]"
4953,4882,"[116.452118,39.90834]"
4269,15417,"[116.300438,39.98061]"
4400,2787,"[116.380066,39.968258]"
4271,5415,"[116.395531,39.968609]"
4424,13839,"[116.349052,39.895805]"
4397,9817,"[116.300888,39.983753]"
4397,9802,"[116.294785,39.959389]"
4399,1819,"[116.401688,39.968506]"
4357,2665,"[116.297043,39.830536]"
4124,18199,"[116.316635,39.848236]"
4904,5827,"[116.413475,39.969135]"
4400,17748,"[116.342377,39.849155]"
4357,529,"[116.458771,39.954994]"
4130,21233,"[116.283325,39.848228]"
4325,12592,"[116.364365,39.865818]"
4398,17721,"[116.213585,39.824329]"
4131,18268,"[116.318748,39.939289]"
4347,4566,"[116.310173,39.94434]"
4131,6272,"[116.380386,39.868118]"
4123,105,"[116.198418,39.931053]"
4427,19850,"[116.335426,39.907558]"
4289,3631,"[116.308937,39.985466]"
4278,18489,"[116.310417,39.930286]"
4955,2942,"[116.25882,39.896893]"
4124,3167,"[116.468719,39.962353]"
257,14051,"[116.356506,39.915684]"
4904,17850,"[116.399681,39.862175]"
4394,4669,"[116.30732,39.966824]"
4348,4578,"[116.464195,39.94389]"
4953,6943,"[116.374603,39.898651]"
4954,7935,"[116.344513,39.922859]"
4954,7927,"[116.40744,39.989887]"
4396,21745,"[116.434006,39.936745]"
4269,12380,"[116.532494,40.021034]"
4397,18639,"[116.402863,39.907707]"
254,10040,"[116.402359,39.762402]"
4119,11111,"[116.293045,39.830921]"
4274,11475,"[116.264351,39.897045]"
4276,10492,"[116.318611,39.911121]"
4424,19773,"[116.408478,39.939987]"
4276,13456,"[116.361122,40.008667]"
4127,15229,"[116.302231,39.997311]"
4955,18844,"[116.324936,39.867996]"
4904,21939,"[116.489388,39.989506]"
4357,3741,"[116.495926,39.873306]"
255,8007,"[116.425285,40.00502]"
4417,9941,"[116.44426,39.873692]"
4135,8286,"[116.379395,39.952435]"
4396,4697,"[116.47612,39.953842]"
4397,17715,"[116.406891,39.906647]"
4276,20504,"[116.364792,39.889488]"
4394,4662,"[116.231316,39.887432]"
4956,2975,"[116.47773,39.908936]"
4274,13429,"[116.356247,39.946964]"
256,16035,"[116.402412,39.97691]"
4273,21464,"[116.451172,39.959732]"
4137,14369,"[116.338058,39.97604]"
4136,8312,"[116.310257,39.934795]"
4135,10361,"[116.283676,39.850864]"
4398,3871,"[116.425339,39.952343]"
4423,9959,"[116.451439,39.933861]"
4279,14555,"[116.3564,39.9105]"
4904,11803,"[116.37027,39.866795]"
257,20059,"[116.267029,39.897034]"
4955,10973,"[116.320061,39.956863]"
4396,15795,"[116.354279,40.021206]"
4956,2983,"[116.341644,39.889809]"
258,14062,"[116.31012,39.945976]"
4126,2196,"[116.427277,39.98357]"
4417,5752,"[116.46032,39.928658]"
4132,6304,"[116.41745,39.949314]"
4131,18271,"[116.338936,39.967461]"
4127,3225,"[116.51358,39.837784]"
4325,15638,"[116.400818,39.949062]"
4135,5319,"[116.504311,39.931225]"
4122,10183,"[116.398827,39.90744]"
4348,17602,"[116.352577,39.938118]"
4424,6873,"[116.340996,39.779709]"
4276,13446,"[116.321182,39.891598]"
4395,8711,"[116.362244,39.923748]"
4276,20508,"[116.37368,39.907078]"
4131,9370,"[116.253662,39.925671]"
4269,15408,"[116.341034,39.889519]"
4399,16859,"[116.374084,39.904705]"
4394,15743,"[116.393509,39.890228]"
4123,1177,"[116.373825,39.94873]"
4124,20192,"[116.264694,39.862743]"
4132,3303,"[116.280861,39.873768]"
4427,19836,"[116.446449,39.908562]"
4274,5457,"[116.540688,40.023979]"
4957,4967,"[116.314735,40.020382]"
4394,9768,"[116.516602,40.013927]"
4904,1939,"[116.412148,39.96909]"
4325,3644,"[116.274788,39.924313]"
4274,8428,"[116.355118,39.965698]"
4129,7208,"[116.305717,39.882786]"
4134,6314,"[116.445801,39.949989]"
4117,9108,"[116.317635,39.830841]"
4131,20267,"[116.376221,39.878578]"
4118,16093,"[116.459892,39.941441]"
4427,1936,"[116.255089,39.925037]"
256,21011,"[116.275024,39.88475]"
4276,4443,"[116.35778,39.932457]"
4299,15623,"[116.433662,39.895218]"
4118,10150,"[116.448807,40.018478]"
4957,18881,"[116.474045,39.915951]"
4121,10173,"[116.387062,39.962982]"
4397,14794,"[116.441444,39.899105]"
4137,18343,"[116.356262,39.931602]"
4119,18117,"[116.26136,39.880581]"
4396,2695,"[116.384529,39.900166]"
4959,4998,"[116.46183,39.946087]"
4427,12977,"[116.349113,39.96777]"
4357,5588,"[116.296021,39.954311]"
4125,8189,"[116.468964,39.970924]"
4357,11590,"[116.333366,40.022537]"
4118,15088,"[116.408882,39.949146]"
4427,12975,"[116.453018,40.017601]"
4357,17649,"[116.353386,39.969482]"
256,8026,"[116.486038,39.986328]"
4123,19128,"[116.343185,39.90501]"
4423,15899,"[116.440125,39.832127]"
4137,16347,"[116.34761,39.862644]"
4397,12773,"[116.348877,39.885689]"
4325,6564,"[116.310852,39.963547]"
4118,15089,"[116.362442,39.932491]"
4357,20731,"[116.46199,39.947285]"
4397,2738,"[116.448364,39.933731]"
4427,15941,"[116.356445,39.943439]"
4276,12485,"[116.33947,39.957775]"
4299,20611,"[116.356201,39.920212]"
4274,10453,"[116.27092,39.897095]"
4131,14270,"[116.488235,39.867455]"
4129,3249,"[116.458664,39.978146]"
4394,20750,"[116.287834,39.924057]"
4394,8690,"[116.380409,39.996964]"
4399,10773,"[116.38723,39.879032]"
4278,15552,"[116.325592,39.967392]"
4398,11676,"[116.418419,39.958019]"
4137,15368,"[116.394981,39.948883]"
4125,12206,"[116.398949,39.968517]"
4427,3998,"[116.275726,39.926277]"
4123,11164,"[116.256653,39.929333]"
4395,8707,"[116.447266,39.962948]"
4125,18211,"[116.478012,39.917473]"
4123,5179,"[116.291084,39.897102]"
4396,11649,"[116.497238,39.804787]"
4396,13680,"[116.389183,40.002159]"
4398,16850,"[116.407478,39.985584]"
4127,14243,"[116.479446,39.964569]"
257,9065,"[116.310684,39.889687]"
4132,8263,"[116.425644,39.858276]"
255,14010,"[116.490028,39.884552]"
4394,12688,"[116.489883,39.897205]"
4357,15717,"[116.395927,39.871479]"
4119,1137,"[116.456253,40.016258]"
4400,6801,"[116.219635,39.844196]"
4904,10921,"[116.352875,39.940319]"
4132,16279,"[116.31028,39.89156]"
